index,商品名,金額,画像1,画像2,画像3,画像4,URL,商品説明,Amazonカテゴリー,発送元,エラー
0,ネクタイピン ビジネス 8本セット タイピン メンズ ファッション 日常仕事 結,,B0855R94SF-1.jpg,B0855R94SF-2.jpg,B0855R94SF-3.jpg,B0855R94SF-4.jpg,https://www.amazon.co.jp/dp/B0855R94SF?language=ja_JP,・【高品質素材採用】素材にこだわり腐食しにくい素材を使用しております。バネが内蔵されており、その力でネクタイを挟み込む構造で、脱が容易でおすすめのタイプです。上質なネクタイを長持ちさせるためにもおすすめます・【フィット感最高】上着からネクタイが飛び出てしまわないように、しっかりシャツに固定することができます。スーツのポケットに忍ばせておおいたり、カバンにひとつ入れておくと落としてしまったときやつけ忘れたときに便利です。・【気分転換最適】クリップ部はワニ口のような形で着脱が易いです。10代·20代·30代の若い男性女性にご利用いただいても不自然ではないと思います。どのネクタイにも合わせやすくシルバーカラーのネクタイピンはあなたを格上げしてくれます。8本あるので、スーツやネクタイのデザイン、その日の気分にあわせて使い分けていただけます。・【ギフト最適】結婚式、二次会、発表会、謝恩会、記念日、パーティーなどで大活躍、ビジネスシーンでもお洒落なビジネスマンのアクセサリーとして人気が出ています。大人の男性への贈り物として選ばれることも多いです。・【無駄のないおしゃれなデザイン】表面で特にサテーナ仕上げを行うことで、光沢を保ち、高級感のある落ち着いた印象に仕上がっております。長く使用しても、輝いています。,ジュエリー›メンズ›タイピン・タイタック,,True
1,バッテリー 充電器 2020年最新 カーバッテリー バイク バッテリーチャージャ,2474,B08BNPDWND-1.jpg,B08BNPDWND-2.jpg,B08BNPDWND-3.jpg,B08BNPDWND-4.jpg,https://www.amazon.co.jp/dp/B08BNPDWND?language=ja_JP,・【幅広い用途】バイクやおもちゃの車、自動車なの6-150AhのAGM/GEL/密閉型/開放型の鉛蓄バッテリーは全て充電可能。本体がコンパクトで場所をとらないくて、収納も持ち運びも便利！・【操作簡単】LEDインジケータライトによる、エラーか？充電か？満充電か？一目でバッテリの充電状況がわかります。安心使用可能です。冬季と夏季モードがあります。充電器は内部温度を検出し、自動的に適切な電圧に切り替わります。・【LED表示】： 電源を入れずにバッテリーを接続すると、バッテリーの残りの電圧を表示することができます。バッテリーの状態を追跡し、充電する必要があるかどうか確認できます。・【安全保護】：過充電/過電圧/過電流/ショートなどの保護回路が揃っている本商品は、より安心、快適に作業を進めることができます。また過電流保護、短絡保護、逆接続保護、過熱保護、過電圧保護、低電圧保護などの技術を採用し、耐久性が優れています！・【超簡単・超安心！】本製品はTOPERSUNメーカー直営店により独占販売されています。 全車種（12V/24V）のAGM/GEL/密閉型/開放型/液体型（std）の鉛蓄バッテリーは全部充電できます（ 注意：リチウム電池の充電は禁止です） 従来のバッテリー充電器と異なり、バッテリーの状態を診断しながら、バッテリー容量に応じた適正な充電をできます （ご注意：接続した時に「OFF」と表示されるなら、電圧とCCA値をご確認してください。 その後で、リペアモードを選んで 2～3時間後でまたバッテリー状態をご確認ください）,車＆バイク›バッテリー›バッテリー充電器›カーバッテリー充電器,Amazon発送,False
2,電動バリカン 防水 USB充電式 ３時間連続使用 5段階調節可能 アタッチメント,,B087FYS9GC-1.jpg,B087FYS9GC-2.jpg,B087FYS9GC-3.jpg,B087FYS9GC-4.jpg,https://www.amazon.co.jp/dp/B087FYS9GC?language=ja_JP,・✂【刈り長さ調節】本体のダイヤルを回して、0.8～2.0ｍｍで５段階繊細な調整ができ、さらに調節する場合は3～12ｍｍで四つのアタッチメントを利用してきれいに仕上げます。・✂【切れ味がよい】良質なチタンの固定刃、鋭いセラミック可動刃、強力なモーター。これらの部品を組み合わせてこそプロフェッショナルなヘアーカッターで、より順調な使用体験をお提供いたします。・✂【USB充電】リチウム電池を採用しています。ACではなくUSB充電に設計して、パソコンやパワーバンクなどのデバイスでチャージできます。2時間かかるとフルになり、３時間の連続使用が可能です。液晶ディスプレイを搭載し、残りの電池持ち時間を便利に確認します。それに、内蔵されたリチウム電池を交換することができ、電池の劣化で使用不能なことの心配は要りません。・✂【カットに耽る】散髪に集中するためにほかの心配は要りません。R型の刃先端は肌を守り、水洗いも簡単にできます。外せる刃先端部分は防水ですが、電池のため本体を水に浸すことはご遠慮ください。・✂【ノーノイズ】子供を驚かずに低騒音に設計して、この一つで家庭用最適なヘアーカッターです。わざわざ床屋へ行かなくても、セルフカットできます。,ホーム＆キッチン›家電›理美容家電›シェーバー・バリカン›バリカン・ヘアカッター,,True
3,☆在庫一掃☆最新進化版 電動バリカン ヘアーカッター ヘアクリッパー 8段階調節,2980,B087PWT5CK-1.jpg,B087PWT5CK-2.jpg,B087PWT5CK-3.jpg,B087PWT5CK-4.jpg,https://www.amazon.co.jp/dp/B087PWT5CK?language=ja_JP,・①【安全性が高い&切れ味抜群】こだわりの45°鋭角のデザインで、刃の先端は子供専用のクイックリリース式刃と優れたなR面取り刃設計で、滑らかでシャープ、剃り効率が高い、肝心な切れ味は素敵。耐久性に優れたセラミック刃を採用しているので、さびなどの心配もなく劣化しにくいので長持ちできます。小さなお子様のデリケートな肌も傷つけることなく安全にヘアカットできます。・②【速さ調整2段階&刈り長さ調節】バリカンは弱モード（ 4500r/min）、強モード　（ 5800r/min）の2段階速さが調整ができるので、子供から大人までご使用いただけます。長さを自由に調節可能なスライド式で、簡単にお好みの髪の長さにカットできます。アタッチメントを交換不要で、誰でも簡単にこだわりのヘアスタイルが決まります！敬老の日、父の日にギフトとして父、お爺さん、叔父などにピッタリです。・③【低騒音バリカン＆防水仕様】子供が驚きにくい低騒音の稼動音、動いているお子様の髪を切るのは危険です。こちらのバリカンは55db以下の低稼動音にこだわりました。部屋で会話をするのと同じくらいの音量なので、お子様が驚くことはほとんどありません。 IPX4防水レベルのヘアカッターは水洗いできるので、バリカンの刃を取り外し、水洗いだけで洗浄可能です。刃の部分を着脱でき、水でサッと洗い流せます。また、掃除用ブラシも付属しているので、刃や本体などに付着した細かい毛くずを払い落とすことも可能です。・④【コンパクト設計＆操作簡単】電動バリカンは、コンパクト設計で、自分でやっても、上手く出来ます。後頭部を簡単に整えることができます。バリカン機能だけではなく、髭剃り、ボディシェーバーの機能も備え、約140gの超軽量設計で疲れにくく、子供・家庭・出張用などの場合に適用します。・⑤【TYPE-C USB充電式＆大容量充電バッテリー内蔵】USB充電出来て、モバイルバッテリー、スマホ充電器、車内電源などから手軽に充電できます。コードもコードレスもご使用いただけます。電動バリカン本体は大容量充電電池が内蔵され、1.5時間で約90分連続使用可能です。,ホーム＆キッチン›家電›理美容家電›シェーバー・バリカン›バリカン・ヘアカッター,Amazon発送,False
4,GLOSSE 電動バリカン ヘアーカッター バリカン・ヘアカッター 家庭用 バリ,1880,B089PS4SCB-1.jpg,B089PS4SCB-2.jpg,B089PS4SCB-3.jpg,B089PS4SCB-4.jpg,https://www.amazon.co.jp/dp/B089PS4SCB?language=ja_JP,・【切れ味が抜群】：良質なステンレススチールとセラミックで構成され、肝心の切れ味は非常に良いです、髪に絡まずスムーズな切れ味です。やけどを避ける。刃の部分中開けて、モーターの軸の所にオイルさする・【便利なコードレスタイプ】：ヒゲトリマーは大容量バッテリーを内蔵し、コードレスで90分間使用できます、急に動いた子供がコードに引っかかる心配がありません。そして、付属のACアダプターで充電しながらでも使用できます。自宅でのスタイリングやお子様の散髪などに大活躍、散髪代も節約できて経済的です。・【耐久性抜群】：耐久性に優れたセラミック刃を採用しているので、さびなどの心配もなく劣化しにくいので長持ちできます。・【低騒音デザイン】：60db以下の低騒音タイプ、特にノイズ低減処理をしたことがあるので、子供にも安心にご使用いただけます。・【安心購入】：お買い上げ日から１２ヶ月のメーカー保証が付いています。保証期間に何か問題があったら、是非ご連絡ください。こちらはできるだけご希望を添えるようにします。,ホーム＆キッチン›家電›理美容家電›シェーバー・バリカン›バリカン・ヘアカッター,Amazon発送,False
5,電動バリカン Avatool ヘアカッター 充電式 ヘアクリッパー 刈り長さ調節,,B0874BGFPL-1.jpg,B0874BGFPL-2.jpg,B0874BGFPL-3.jpg,B0874BGFPL-4.jpg,https://www.amazon.co.jp/dp/B0874BGFPL?language=ja_JP,・✔【これ1本でこだわりのヘアスタイル】自宅で手軽に散髪ができる充電ヘアカッターです。刈り長さが調節で、誰でも簡単にこだわりのヘアスタイルが決まります!カットサロンに行く手間もなく、いつでも切り立てのへアスタイルを維持できます。自宅でカットすれば散髪代も節約できて経済的!・✔【切れ味抜群＆肌に優しい】切れ味のよい45°鋭角刃を採用。刃先段差が短いため、襟足などの輪郭がよりハッキリ仕上がります。髪を逃しにくく、刈り残しを低減する事でスピーディにスタイリングできます。また、金属刃ではなく、優しく丈夫なセラミック素材を使用しています。デリケートなお子様のヘアカットも安心して行えます。・✔【全身防水機能＆超軽量】IPX7防水設計、丸ごと水洗いできるので、清潔に使用できます。刃の切れ味も良いためシャンプーをつけたまま髪の毛が濡れた状態でもカットできます。お手入れの手間が大幅に減ります。バリカン機能だけではなく、髭剃り、ボディシェーバーの機能も備え、軽め設計で疲れにくいです。子供・家庭・理髪店・業務・出張用などの場合に適用します。・✔【USB充電式＆LEDディスプレイ】 充電式の電動バリカンで、コードもコードレスも使えます。大容量2000mAhリチウムイオン電池が内蔵され、2時間充電で約100分連続使用可能です。LED液晶ディスプレイで、電源残量表示、低バッテリー提示、チャイルドロックなどの情報が液晶画面に表示されるため、一目でわかりやすく快適に使用できます。・✔【スライド調節式バリカン】 ダイヤル式刈高さ調整ができるので、面倒なアタッチメント付け替えの必要なしです。カットしたい長さを簡単に調節できます。スライド式3段階の刈り高さ（1.3mm、1.6mm、1.9mm)が設定出来ます。また、4種類アタッチメント（3-6、9-12mm）付き、丸刈りやスソ仕上げを、お好みの長さで調節できます。,ホーム＆キッチン›家電›理美容家電›シェーバー・バリカン›バリカン・ヘアカッター,,True
6,【2020年改良版＆充電式】眉毛シェーバー usb充電式 メンズ 眉毛カッター ,2080,B0833Y2CYH-1.jpg,B0833Y2CYH-2.jpg,B0833Y2CYH-3.jpg,B0833Y2CYH-4.jpg,https://www.amazon.co.jp/dp/B0833Y2CYH?language=ja_JP,・【2020年改良版USB充電式眉毛シェーバー】髭と同様に悩む頬やおでこなどにある毛。電動シェーバーではなかなか剃りにくく、いつも「面倒だな…」と感じている男性も多いはず。このような方に、顔の毛や眉毛を簡単に手入れできるフェイスシェーバーがオススメです。こちらのUSB充電式多機能眉毛シェーバーで清潔感のあるすっきりとしたルックスを手に入れましょう。・【肌を傷つけない&持ち運びやすい】眉毛カッターの刃先はやや丸みを帯びており、より地肌に優しく刃がフィットしてくれます。コンパクトなのでオフィスや旅行に持っていくこともできます。・【お手入れ簡単】眉毛カッターのヘッドは本体から取り外せ、水洗いが可能です。また、掃除用ブラシが付いていて、いつも清潔に保つことができます。但し、本体は完全防水ではありませんので、丸洗いはできません。リチウム電池を内蔵し、充電さえすれば洗面所・風呂場・自室などどんな場所でも使用可能です。・【多彩なアタッチメント】多彩なアタッチメントで、お好みの眉が思い通りにつくれます。お風呂・旅行・キャンプ・オフィス・家庭などあらゆる場所に適しており、プライバシーを守りながらご利用いただけます。・【3年間の安心保証と日本語取扱説明書付き】ご購入日から3年以内の初期不良および正常な使用範囲内で発生した故障、破損、その他の不具合があった場合は、各種対応をさせて頂きますのでご安心ください。,ホーム＆キッチン›家電›理美容家電›フェイスケア›フェイス・眉シェーバー,Amazon発送,False
7,【2020年最新改良版】 KEYNICE usb扇風機 卓上扇風機 クリップ 充,2680,B07Q2R28LX-1.jpg,B07Q2R28LX-2.jpg,B07Q2R28LX-3.jpg,B07Q2R28LX-4.jpg,https://www.amazon.co.jp/dp/B07Q2R28LX?language=ja_JP,・❉彡【卓上＆クリップ＆吊下げ＆壁掛けの4way仕樣】クリップ式で様々なところに挟んで使用が可能です！クリップの底面部には、台座として使えるように滑り止めが付いており、卓上に置いても使用が可能です！本体底面に吊り下げ用フックがあり、テント内に吊り下げて使用が可能です。壁掛け用フック穴が本体底面に設置してあり、壁に掛けて使用することも可能です。・❉彡【360度回転＆風量4段階調節】手動で左右、上下を360度調整が可能、様々な角度から気持ち良い涼しい風が吹きます。風力は4段階で切り替え可能。使用時はお好みに合わせて自由に風量を調節できます。扇風機にはLEDライトが付いており、明るさを2段階に切り替え可能です。・❉彡【コンパクトサイズ＆静音】扇風機本体の高さは約19㎝、重さは約476gと軽量コンパクトサイズ、持ち運びがとても楽です。小さなボディでもパワフル、遠くまでしっかり風を届けます。3枚羽根で強力な風量を確保しつつ、回転音が気にならない超静音設計です。睡眠中や作業中でも音が気にならず、生活の妨げになりません。・❉彡【高品質充電バッテリー内蔵＆耐久性抜群】18650リチウムイオン電池を内蔵し、フル充電の場合、最小モードで約20時間の連続使用ができます。最大モードでも約4時間の連続使用ができます。ご自宅やオフィスはもちろん、アウトドアやレジャーでも活躍します。USB扇風機本体には、優れた素材のABS樹脂を採用し、衝撃、高温に強く、耐久性が抜群です。・❉彡【1年間の安心保証と日本語取扱説明書付き】ご購入日から1年以内の初期不良および正常な使用範囲内で発生した故障、破損、その他の不具合があった場合は、各種対応をさせて頂きますのでご安心ください。,ホーム＆キッチン›家電›空調・季節家電›扇風機›卓上扇風機,Amazon発送,False
8,【2020最新改良版】 KEYNICE サーキュレーター 首振り 静音 パワフル,2780,B086DHF1PP-1.jpg,B086DHF1PP-2.jpg,B086DHF1PP-3.jpg,B086DHF1PP-4.jpg,https://www.amazon.co.jp/dp/B086DHF1PP?language=ja_JP,・❉彡【自動首振り＆効率の良い空気循環を】サーキュレーターは左右それぞれに最大45度の自動首振り運転が可能です。直線的な風を広範囲に届けることが出来るので、除湿や室内干し乾燥でも活躍します。また、垂直方向に上向き90度までの角度調整が可能です。天井に向けて風を送ることで活躍の幅が広がります。※上下の角度調整は手動となっております。・❉彡【風量3段階調節＆静音モーター搭載】風力は3段階で切り替え可能。お使いになる場所やお好みに合わせて自由に風量を調節できます。5枚羽根で強力な風量を確保しつつ、回転音が気にならない静音設計です。睡眠中や作業中でも音が気にならず、生活の妨げになりません。・❉彡【便利なUSB電源給電＆お手入れ楽々】パソコンなどのUSBポートに差し込むだけ簡単にご利用できます。また。お手入れのとき、特別な工具など不要で、扇風機の前カバーを反時計周りに回すと、前カバーが外れますので、汚れた扇風機の羽根をササッと簡単に拭き取ることができます。いつでも清潔にお使いいただけます。・❉彡【卓上＆壁掛けの2way仕樣】サーキュレーターの台座に滑り止めが付いており、卓上に置いても使用が可能です。壁掛け用フック穴が本体底面に設置してあり、壁に掛けて使用することも可能です。本体の高さは約23㎝、重さは約600gと軽量コンパクトサイズ、持ち運びがとても楽です。小さなボディでもパワフル、遠くまでしっかり風を届けます。・❉彡【1年間の安心保証と日本語取扱説明書付き】ご購入日から1年以内の初期不良および正常な使用範囲内で発生した故障、破損、その他の不具合があった場合は、各種対応をさせて頂きますのでご安心ください。,ホーム＆キッチン›家電›空調・季節家電›サーキュレーター,Amazon発送,False
9,Bluetooth スピーカー ブルートゥーススピーカー ワイヤレススピーカー ,,B07SDS8HD8-1.jpg,B07SDS8HD8-2.jpg,B07SDS8HD8-3.jpg,B07SDS8HD8-4.jpg,https://www.amazon.co.jp/dp/B07SDS8HD8?language=ja_JP,・・【コンパクトサイズ】直径75mm、高さ88mm、重量220gとのコンパクトなデザインで、更に本体色に合ったストラップを付属しているため、室内だけでなく、スケボー、自転車、山登り、キャンプ等の戸外活動にも大活躍！・【安定した接続】Bluetooth5.0で完全ワイヤレスを実現、iPhone、iPad、Androidなどに接続が可能です。安定性にすぐれ、スマホにより有効距離は20ｍ可能、最適距離は10m以内となります。一度接続すると、次回は電源を入れるだけて自動的に接続します。Micro SD（TF）カード対応、再生モード+1。・【防水仕様】IPX5相当の優れた防水性能により、お風呂、キッチン、又は海、プール等で音楽を楽しめます。・【TWS対応搭載】True Wireless Stereoとはスマートフォン1台に対して2台のスピーカーにBluetooth接続が出来る機能の事を指します。2台のスピーカーに接続することにより最高の臨場感 ・大迫力・大音量で音楽を楽しめます。（TWS設置方法も２つのスピーカーの電源をONにして片方の電源ボタンを２回連続で押すだけなのでとても簡単♪）・【メーカー1年保証】ご購入日から12ヶ月以内に限り、スピーカー本体に問題が発生した場合は無料交換、無料修理などをご提供します。製品について不明な点がありましたら、お問い合わせください。連絡方法：[注文履歴] - [出品者に連絡する]※1-12時間以内に専門のスタッフがご対応させていただきます。（日本語/英語可）,家電＆カメラ›ポータブルオーディオ›ポータブルスピーカー・ドック›ポータブルスピーカー,,True
10,TOCO FREIDO 空気入れ 自転車 ハンドポンプ 携帯ポンプ 修理ツール付,,B08999QM69-1.jpg,B08999QM69-2.jpg,B08999QM69-3.jpg,B08999QM69-4.jpg,https://www.amazon.co.jp/dp/B08999QM69?language=ja_JP,・【7点セット】多機能ツール付、様々なシーンで頼りになります！2種類のバルブコネクタ付、自転車ではなく、風船、浮き輪、ヨガボール、ガス入りおもちゃなど広い場合で大活躍しています！・【修理ツール付】空気入れだけではなく、あらゆる状況を考えて商品にツールを入れてさせて頂きます。アウトドア活動に欠かせない道具として、小さなデザイン、あなたの手のひらのサイズは、あまりにも多くのスペースを取ることはありませんので、運ぶのは簡単です。 ツールを収納袋に入れ、ストラップの裏側がバイクに掛けることができ、乗車を妨げません、これでいつに役に立つんでしょう。・【コンパクト】：普通の携帯ポンプと比べて、サイズはわずか200MMになり（iphone 8 Plusの長さと同じ）、重さは200gだけです。手のひらのサイズと超軽量の素材のためにいつでも楽に使用してます。特に中・長距離の自転車に乗る時、タイヤ圧力不足の状況がスムーズに解決できます。内蔵式の通気チューブの両端は仏式バルブと米式バルブで、時計回りにして締め付けられ、逆に緩められます。簡単な操作ですので、空気漏れの事がありません、完璧な気密性に仕上げます。・【高気圧省力】：大き空気入れと違って携帯易いタイプを生み出さました。軽量と耐久性のこだわり、プラスチックとアルミ素材を組み合わせて手触り良い程よいサイズ感をもたらす。数回以上のサンプルテスト・修正、人体工学を基づいて、洗練されたデザイン性があります。携帯ポンプの外部は新型の無毒プラスチック材で握りしやすい、錆びれない、冬に冷たくないです。コンパクトなサイズですが、最大140PSIの空気圧まで対応でき、時間を短縮し、手軽に空気を入れることができます。・【老店】：スポーツとアウトドアに専念し長い年月をかけてよりよい商品を発見し、３年以上アマゾンで店を開いています。何か不明のどころがあればいつでも連絡ください。,スポーツ＆アウトドア›自転車›メンテナンス用品›空気入れ›携帯用ポンプ,,True
11,TOCO FREIDO プッシュアップボード 【令和最新】 腕立て伏せ トレーニ,,B088M55L7Q-1.jpg,B088M55L7Q-2.jpg,B088M55L7Q-3.jpg,B088M55L7Q-4.jpg,https://www.amazon.co.jp/dp/B088M55L7Q?language=ja_JP,・💪【パッケージ内容】プッシュアップバーボード*１、プッシュアップバー*２、フィットネスチューブ*２・💪【新型プッシュアップバー】従来品を超えて胸、肩、背中、腕など幅広い筋肉群を鍛えます。サイズ：約62 * 20 * 2cm 、約1.3kg。折りたたみ式で収納易い。・💪【14-in-1多機能＆使え方法】四色で機能を分けています（赤い領域/肩、黄色領域/背筋、緑領域/三頭筋、紫色領域/下半身三頭筋）、同じ色の穴にプッシュアップバーを当てるだけで正しい姿勢に矯正でき、二つのチューブと合わせてさらに多い筋肉を鍛えます。・💪【筋トレ楽々*自宅がジムに】左右がバラバラに独立しているので、バーの間隔や角度を調整することで、様々な部位を鍛えることができます。バーの間隔を狭くすると二の腕·背中に効果があります。バーの間隔を広げると大胸筋·腹筋を刺激します。・💪 【電話＆連絡】何かあったら昼間に電話可能、いつでも連絡を待ちしております。,スポーツ＆アウトドア›フィットネス・トレーニング›筋力トレーニング›プッシュアップバー,,True
12,TOCO FREIDO マーカーコーン 野球 サッカー 練習 コーン トレーニン,,B088NM7HJH-1.jpg,B088NM7HJH-2.jpg,B088NM7HJH-3.jpg,B088NM7HJH-4.jpg,https://www.amazon.co.jp/dp/B088NM7HJH?language=ja_JP,・「新型コーン」：マーカーコーンは視認性の高い鮮やかなカラーを使用するので、トレーニングの効率が更にアップしました、普通のマーカーコーンとは違い、新しい材料を使用して厚さありながら軽い、新柔軟性と耐久性を兼ね備えています。・「5色30枚セット」：マーカーコーンは五色、一つずつ6枚、総30枚になります。多彩で認識易いタイプ、上競技、サッカー、フットサル、バスケットボールなどに活躍中！・「耐久性向上」：　マーカーコーンは柔らかいプラスチック素材を採用して、足で踏んでも変形しない、力で引張って壊されない品質。デザインによる風にも飛ばされにくい形状です。普通のマーカーコーンより使いやすい逸品です。・「幅広く使用」：マーカーコーンは体のトレーニングに多く使われています。場所を問わず、様々なトレーニングに対応可能です。サッカー・フットサル・野球・陸上競技などのトレーニングに幅広く使用でき、足の柔軟性を鍛えます。サッカーの愛好者やサッカー選手がトレーニング中にウォーキングとドリブルを練習するために使えます。・「携帯便利」：普通のマーカーコーンより退色しない、何年ぶりでも鮮やかな色でそこにあります。程よいサイズで場所を問わず、公園、サッカー场、どこへも持ち歩い易いタイプ。,スポーツ＆アウトドア›サッカー・フットサル›練習用品,,True
13,TOCO FREIDO なわとび 縄跳び 金属製 トレーニング ダイエット 軽量,,B0874CN7KJ-1.jpg,B0874CN7KJ-2.jpg,B0874CN7KJ-3.jpg,B0874CN7KJ-4.jpg,https://www.amazon.co.jp/dp/B0874CN7KJ?language=ja_JP,・【バッゲージ】：３ｍ縄跳びロープ＊３（赤青黒）、ハンドル＊２、説明書＊１・【カロリー・脂肪燃焼】：なわとびは体の47種類ほどの筋肉を使う全身運動です。有酸素運動として、トレーニング、ダイエット、サブ健康状態の改善にも効果が期待できます。跳ぶだけで、ランニング以上のカロリー消費が少ない時間で実現できます。自宅・ジム・公園・会社・学校・運動会等。・【アルミ合金製ハンドル】スポンジのハンドルは長時間使用すれば、壊れやすいです。こちらのなわとびはアルミ合金製ハンドルを採用して、柔らかいシリコン触感と少しの重さを持つ、従来品のスポンジ製なわとびが比べるものになれない、適度な負荷となってトレーニング効果を強化します。・【耐摩耗に優れるロープ】：縄跳びのロープはワイヤーとPVCを採用し、摩損に強い、どんな地面に使用しても劣化しにくいです。ロープのちょうどいい重さと合わせて、スムーズな回転で激しい競技に対応できます。・【注意】：商品に何か問題があれば、いつでも連絡ください。,スポーツ＆アウトドア›フィットネス・トレーニング›エクササイズグッズ›なわとび,,True
14,TOCO FREIDO パンチングボール セット 格闘技 打撃練習 軽量 練習用,,B082SGZR6W-1.jpg,B082SGZR6W-2.jpg,B082SGZR6W-3.jpg,B082SGZR6W-4.jpg,https://www.amazon.co.jp/dp/B082SGZR6W?language=ja_JP,・✅【鍛え範囲】動体視力 反射神経 瞬発力 ストレス発散。　　　　　　　　　　　　　　　　　　　　　　　　　　　　　　　　　　　　　　　　　　　　　　　　　　　　　　　　.・✅【２点セット】ボクシングの練習専用スピードボール*1とパンチングボール*１、鮮やかな色が識別やすくなります。　　　　　　　　　　　　　　　　　　　　　　　　　　　　　　　　　　　　　　　　　　　　　　　　　　　　　　　　.・✅【汗止め&高弾力性】 汗が目に入らないように、先端の溝で汗を導く可能です、マジックテープで調節が可能になり、サイズに悩むことはない。　　　　　　　　　　　　　　　　　　　　　　　　　　　　　　　　　　　　　　　　　　　　　　　　　　　　　　　　.・✅【機能】柔らかい素材を使用して、グローブがなくでも長時間使い可能です。ジム、ボクシング、ストライクなど格闘トレーニングに、すばやい反応力、空間感知能力、距離推算能力、一眼一点の精密度を鍛えます。二つタイプのボール付きで日常の鍛錬を満足できます。　　　　　　　　　　　　　　　　　　　　　　　　　　　　　　　　　　　　　　　　　　　　　　　　　　　　　　　　.・✅【注意】１、ボクシンググローブ付属しておりません、ご了承くださいませ。２、部品不全と製品に関する問題があったら、気軽に連絡ください至急対応させて頂きます。３、初めて使い方は力のコントロールに集中力が必要です。　　　　　　　　　　　　　　　　　　　　　　　　　　　　　　　　　　　　　　　　　　　　　　　　　　　　　　　　.,スポーツ＆アウトドア›武術・格闘技›ボクシング›パンチングミット,,True
15,TOCO FREIDO 型取りゲージ コンターゲージ 曲線定規 DIY用測定工具,,B086QNTM1Z-1.jpg,B086QNTM1Z-2.jpg,B086QNTM1Z-3.jpg,B086QNTM1Z-4.jpg,https://www.amazon.co.jp/dp/B086QNTM1Z?language=ja_JP,・【パッケージ内容】2点セット：250mm幅広タイプ 型取りゲージ *1、本体サイズ（約）縦250×横130×厚20mm；120mm 幅広タイプ型取りゲージ *1、本体サイズ（約）縦120×横130×厚20mm・【2タイプの型取りゲージ】： 120mmと250mmのゲージのセットとなっておりますので、小さな物から大きな物まで型を取りたい対象に合わせたゲージを使用することが可能になりました。・【機能】：機能 cmとインチの目盛が付いているため、長さ、大きさを測ることができます。 ロック機能が付いているので、型の精密度を確保できます。 輪郭を複製出来るので測定と切断が容易になります。 木工、自動車体、自動金属板、ステンレス鋼、またはあらゆる複製作業に使用することが出来ます。・【商品の使用方法】：1 . 取りたい型にゲージを当てます。 2 . ゲージの歯をしっかり当て、型を取りたい対象と合わせます。 3 . 紙、あるいは型を取りたい素材の表面でゲージの型に沿って、線を引きます。・【注意】：何か不明及び商品の問題があれば、いつでも連絡してください。,産業・研究開発用品›工業用計測器›ゲージ・コンパス,,True
16,【バイク増設USB2.4A*2個】LST 12V24V用USB充電器 バイク専用,1690,B0866SPQBV-1.jpg,B0866SPQBV-2.jpg,B0866SPQBV-3.jpg,B0866SPQBV-4.jpg,https://www.amazon.co.jp/dp/B0866SPQBV?language=ja_JP,・★二つのUSBポートが付いて、簡単にニーズに応えます。更に電源口に蓋が付いて、防塵防水できます。・★操作簡単、バッテリーに接続するだけ、バイクやオートバイに充電できるようになります。12Vと24Vが通用できる使用で、幅広く利用できます。・★バッテリーの電圧が表示されていて、バッテリーが把握できて、上がった心配がなくなります。・★逆接続保護、過電圧保護、過電流保護、過温度保護、定額電圧を超えたら、自動的に電源を切ります。・★USB出力：5V -2.4A*2　【安心保証】終身技術サービスを提供いたします。不良品は3年保証で、3年以内に無料交換、または全額返金となりますので、ぜひご連絡ください。,車＆バイク›バイクパーツ›バイク電装パーツ›バイク用シガーソケット,Amazon発送,False
17,【バイク増設type c口+QC3.0】LST 12V24V用USB充電器 バイ,1690,B0866HTWR1-1.jpg,B0866HTWR1-2.jpg,B0866HTWR1-3.jpg,B0866HTWR1-4.jpg,https://www.amazon.co.jp/dp/B0866HTWR1?language=ja_JP,・★タイプCとQC3.0のUSB口との充電口が付いて、簡単にニーズに応えます。更に電源口に蓋が付いて、防塵防水できます。・★操作簡単、バッテリーに接続するだけ、バイクやオートバイに充電できるようになります。12Vと24Vが通用できる使用で、幅広く利用できます。・★バッテリーの電圧が表示されていて、バッテリーが把握できて、上がった心配がなくなります。・★逆接続保護、過電圧保護、過電流保護、過温度保護、定額電圧を超えたら、自動的に電源を切ります。【安心保証】終身技術サービスを提供いたします。不良品は3年保証で、3年以内に無料交換、または全額返金となりますので、ぜひご連絡ください。・★QC3.0出力：5V-3A、9V-2A、12V-1.5A TYPE-C出力：5V-3A、9V-3A、12V-2.5A、15V-2A、20V-1.5A,車＆バイク›バイクパーツ›バイク電装パーツ›バイク用シガーソケット,Amazon発送,False
18,『バージョンアップ』LST 6Vと12V用バッテリー充電器 バッテリーチャージャ,2450,B0816PK55G-1.jpg,B0816PK55G-2.jpg,B0816PK55G-3.jpg,B0816PK55G-4.jpg,https://www.amazon.co.jp/dp/B0816PK55G?language=ja_JP,・【改良版登場】サルフェーション除去とメンテナンス充電との機能、充電中のバッテリーを自動的に検測して充電情况により電流を調整するバッテリーチェック機能も付いていて、更に、不良バッテリーの場合は教えてくれて、72時間充電保護で充電完了後も充電器を繋いだままでも過充電の心配がなく安心利用できます。・【6V/12V、4ステージ充電】6Vと12Vが選択できるので、わざわざ二つの充電器を買わずに済みます。 初期化（バッテリーをチェック）、バルク充電、アブソーブ充電、フロート充電の4段階全自動充電方式。充電からメンテナンスまでこの一つで解決。それにトリクルチャージで充電完了後に充電器を繋いだままでも過充電の心配がなく、バッテリーにいいと思われます。・【操作超簡単】設定が要らず、充電クリップの極性に注意するようバッテリーに繋いでコンセントに差込むだけで自動的に充電開始。それに、バッテリーを車から外さなくでも充電可能、液体型のバッテリーで蓋を開かなくでも充電できます。バイク、オートバイ、おもちゃの車、自動車等の5-40AhのAGM/GEL/密閉型/開放型/液体型の鉛蓄バッテリーは全て充電可能。・【分かりやすいランプ表示】充電か？エラか？満充電か？6Vか12Vか？見やすいLEDラ ンプで充電状態をお知らせします。一目でわかるようなります。初心者でも簡単、安心使用できます。無火花設計でバッテリーに接続していない場合は、出力しないので、感電する心配がなくなります。それに、過充電/過電圧/過電流/ショートなどの保護回路が揃っている本商品は、より安心、快適に作業を進めることができます。・【安心保証】終身技術サービスを提供いたします。不良品は3年保証で、3年以内に無料交換、または全額返金となりますので、ぜひご連絡ください。,車＆バイク›バッテリー›バッテリー充電器›カーバッテリー充電器,Amazon発送,False
19,LST 12V/24V対応 バッテリー充電器 バッテリーチャージャー メンテナン,8990,B081PVYCKF-1.jpg,B081PVYCKF-2.jpg,B081PVYCKF-3.jpg,B081PVYCKF-4.jpg,https://www.amazon.co.jp/dp/B081PVYCKF?language=ja_JP,・・【1台3役/ダブル電圧】サルフェーション除去とトリクル充電とメンテナンスを行う3役充電器！充電中のバッテリーを自動的に検測して充電情况により電流を調整するバッテリーチェック機能が付いています。12V、24V切替式で、自由に選択でき、30-240AHの AGM/GEL/密閉型/開放型の鉛蓄バッテリーは全て充電可能で実用性アップ！（自動車/トラック/ヨット/草剃り機/SUV/RV/ATV等等)・【5段階全自動充電】活性化充電、緩慢充電、バルク充電、吸収充電、フロート充電（メンテナンス充電）を行う5ステージ充電、バッテリーをチェックすることからメンテナンスまで全自動充電されて、充電完了後も充電器を繋いだままでも過充電の心配がありません 。・【操作超簡単】設定が要らず、充電クリップの極性に注意するようバッテリーに繋いでコンセントに差込むだけで自動的に充電開始。それに、バッテリーを車から外さなくでも充電可能、液体型のバッテリーで蓋を開かなくでも充電できます。・【保護回路】無火花設計でバッテリーに接続していない場合は、出力しないので、感電する心配がなくなります。それに、過充電/過電圧/過電流/ショートなどの保護回路が揃っている本商品は、より安心、快適に作業を進めることができます。・【分かりやすいLED表示】充電か？エラーか？満充電か？一目でわかるようになるLEDランプが教えてくれて、安心安全利用可能！耐摩耗&耐腐食&防滴仕様で耐久性あります。尚、非常に丈夫なEVAボックス付きで収納も保管も便利です。【安心保証】不良品は2年以内に無料交換、または全額返金となり、2年以上3年以内は状況により交換、全額返金、半額返金となります。終身技術サービスを提供いたします。必ずご満足いただけるよう対応いたしますので、ぜひご連絡ください。,車＆バイク›バッテリー›バッテリー充電器›カーバッテリー充電器,Amazon発送,False
20,『バージョンアップ』LST 12Vバッテリー充電器 バッテリーチャージャー メン,2190,B07D27PLBB-1.jpg,B07D27PLBB-2.jpg,B07D27PLBB-3.jpg,B07D27PLBB-4.jpg,https://www.amazon.co.jp/dp/B07D27PLBB?language=ja_JP,・『1台3役』サルフェーション除去とトリクル充電とメンテナンスを行う3役充電器！充電中のバッテリーを自動的に検測して充電情况により電流を調整するバッテリーチェック機能が付いています。3-30AhのAGM/GEL/密閉型/開放型/液体型の鉛蓄バッテリーは全て充電可能。・『全自動4段階充電』本製品は初期化のバッテリーをチャックすることから、バルク充電、アブソーブ充電、フロート充電まで、充電からメンテナンスまで4ステージ充電方式を採用し、充電完了後も充電器を繋いだままでも過充電の心配がありません。（満充電後は接続させたままメンテナンス充電を行います）・『分かりやすいLEDランプ表示』LEDランプが教えてくれるので、充電中か？満充電か？正常充電か？エラーか？分かりやすくなります。安心使用！・『2種類充電コード』収納も場所を取らず小さなサイズで、邪魔になりません。さらに、ワニロクリップと車両ケーブルの二種類ケーブルが付属されております。・『安全安心使用』過充電、過電流、過電圧、ショート、逆接続等の保護回路で、より安心、快適に作業を進めることができます。【安心保証】終身技術サービスを提供いたします。不良品は3年保証で、3年以内に無料交換、または全額返金となりますので、ぜひご連絡ください。,車＆バイク›バッテリー›バッテリー充電器›カーバッテリー充電器,Amazon発送,False
21,スタープロジェクターライト GREPRO 星空ライト 最新リモコン式 スターナイ,,B08743NVJ7-1.jpg,B08743NVJ7-2.jpg,B08743NVJ7-3.jpg,B08743NVJ7-4.jpg,https://www.amazon.co.jp/dp/B08743NVJ7?language=ja_JP,・「10種点灯モード・スピード輝度調整可能」：赤、緑、青、白4色組み合わせて、単色と混色総合10種類のカラーで自由に変換できます。色の輝度、流れ速度、お好きな色に固定して点灯させ、素敵な夜を演出します！それに、都合によりLED投影ライトの明るさを低輝度-中高輝度-高輝度にコントロールし、楽にコントロールできます。・「二つの音楽再生モード」投影ランプはBluetoothでiPad、スマホなどのワイヤレスデバイスに簡単に接続して、音楽を再生が出来る、またUSBメモリ（予め音楽を入れる）を差し込むと、本体は自動的に音楽を識別して、再生する。本体のボタンでBluetoothモードとUSBメモリモードは自由に切替えることができます、お好きな音楽を楽しめるとともに素敵な星空を見るはとてもリラックスさせます。・「リモコン＆音声制御」本製品は本体のボタンだけではなく、専門的なリモコンも付けて、簡単に使用できます、LEDライトのON/OFF、レーザーライトのON/OFF、ライトの色を切替、音量調節、音楽の切替、水紋の調整等全てをコントロールができます。ボタンやwifiなどよりリモコンは便利し、無駄なAPPも必要はない、手動で切り替える必要はありません、家にディスコやパーティーは楽しみましょう！・「お部屋にファンタジーな星空を！」自分の部屋に美しい星空を楽しめるの「スタープロジェクター」です、特のスクリーンが不要、スターを部屋の壁や天井一面に映し出して、素敵な夜を楽しいし、暖かいやロマンチックな雰囲気を創造します。一日の仕事後、暖かい、柔らかい光を体を癒すのは最適です。・「広い用途」：ナイトライトとして、赤ちゃん室、ベッドサイド、廊下などに最適です。また、デコレーションとして、結婚式、学園祭、室内パーティーなどの場合に適しています。子供、家族、彼女へのプレゼントとしてもお勧めします。心の癒し、夜に眠れない時に、非常におすすめです。,ホーム＆キッチン›家電›照明›屋内照明›テーブルランプ,,True
22,スタープロジェクターライト AsperX 星空ライト ベッドサイドランプ スター,1999,B089N7D35T-1.jpg,B089N7D35T-2.jpg,B089N7D35T-3.jpg,B089N7D35T-4.jpg,https://www.amazon.co.jp/dp/B089N7D35T?language=ja_JP,・「14種点灯モード、多様なプロジェクターライト」赤、青、緑、白、ピンクとレーザーを組み合わせて合計14種点灯モード、浮動する星雲と満点のスターを天井や壁に見ることができます、色の輝度、流れ速度、お好きな色に固定して点灯させ、素敵な夜を演出します！それに、都合によりLED投影ライトの明るさを低輝度-中高輝度-高輝度にコントロールし、簡単に使用できます。・「リズムと共に点滅」：リズム機能初搭載！このプロジェクターらいとは周りの音楽によってリズミカルに点滅する、ホームパーティー、カラオケなどは最適。・「広い使用範囲＆タイマー機能付き」ルーム、リビング、ホームパーティー、学園祭、ゲーム室などに適用し、子供の寝かしつけ、ディナー、デートやパーティーに最適です。またタイマー機能が付きます、自動オフ時間を2Hまでに設定できます。星空を見ているうちに眠てしまってもOKで、入眠を妨げることなく省エネにもなります。・「調整可能な投影方向」このプロジェクターライトはルービックキューブのように回転できる、壁また天井に映すことができますし、好きな所に投影して、素敵な星空を楽しみましょう！・「操作便利＆品質保証」本体はボタンでコントロールしますので、無駄な操作がなし、また弊社にご購入してから一年間の保証を致しますので安心してください。もし商品について何が不明点と問題がある、また不具合や破損などが生じた場合は是非気軽ご連絡ください。,ホーム＆キッチン›家電›照明›屋内照明›テーブルランプ,Amazon発送,False
23,光目覚まし時計 AsperX ベッドセットランプ リモコン 目覚まし時計 光と音,,B0836RYG17-1.jpg,B0836RYG17-2.jpg,B0836RYG17-3.jpg,B0836RYG17-4.jpg,https://www.amazon.co.jp/dp/B0836RYG17?language=ja_JP,・⏰【柔らかい光と共に起きて】: 毎朝太陽の光と共に起きたい！よくこんなの思いがあるなら、一つの光目覚まし時計が最適、本製品は日の出と日没をまねて、毎朝時間を設定するだけで、設定した時間の30分前徐々に明るさを上げて自然に目を覚まします、光の色が柔らかい赤から明るい日光に変わります、それから日没の時、音楽に伴う光は徐々に暗くなり、快適な睡眠環境を提供して、睡眠の質を向上させます。・⏰【便利なリモコンの目覚ましライト】：従来型の本体ボタンやwifiでコントロールよりリモコンがより便利の同時無駄なAPPもなし、スマホのメモリを節約する。10メートル以内でリモート制御できます、またリモコンと本体のライトは統合されて、取扱と本体のコントロールが易い。リモコンは、ライトの明るさの調整、色の設定、アラームの設定、音量の設定、時間の設定、FMなど、すべての機能を操作できます。 また、デバイスの上部をタップするとライトを設定し、ライトの点滅方法を変更できます。・⏰【多種類の色のベッドサイドランプ】：目覚ましライトだけではない、ベッドサイトランプとしても使いできますか、ライトの色が複数（黄色、オレンジ、ピンク、青、シアン、緑など）があるので、気に入れな色を選ぶことができます、夜間の照明、雰囲気を作る、また光の明るさも調整ことができますか、さまざまなニーズや好みに応じて光の色と明るさは調整できます。・⏰【7つの自然音とFMラジオ】： 目覚まし時計として、七つの素晴らしい自然アラーム音があります、お気に入りの音楽を選択して、朝の眠気を吹き飛ぶ。FMラジオは自動的にチャンネルを検索と保存する、複数のチャンネルを保存して、好きなチャンネルはいつでも選択可能です、またアンテナを延長して、より強い信号になります。・⏰【やはり寝たい！さらに5分ぐらいっで】そう思ったら、本製品はいわゆるのスヌーズ機能があります。寝たいの時、デバイスのトップをタップまたコントローラーを使用するとライトとアラーム音が止まります。,ホーム＆キッチン›インテリア›置き時計・掛け時計›目覚まし時計,Amazon発送,True
